1,Afghanistan,Afghan afghani,AFN
2,Akrotiri and Dhekelia (UK),European euro,EUR
3,Aland Islands (Finland),European euro,EUR
4,Albania,Albanian lek,ALL
5,Algeria,Algerian dinar,DZD
6,American Samoa (USA),United States dollar,USD
7,Andorra,European euro,EUR
8,Angola,Angolan kwanza,AOA
9,Anguilla (UK),East Caribbean dollar,XCD
10,Antigua and Barbuda,East Caribbean dollar,XCD
11,Argentina,Argentine peso,ARS
12,Armenia,Armenian dram,AMD
13,Aruba (Netherlands),Aruban florin,AWG
14,Ascension Island (UK),Saint Helena pound,SHP
15,Australia,Australian dollar,AUD
16,Austria,European euro,EUR
17,Azerbaijan,Azerbaijan manat,AZN
18,Bahamas,Bahamian dollar,BSD
19,Bahrain,Bahraini dinar,BHD
20,Bangladesh,Bangladeshi taka,BDT
21,Barbados,Barbadian dollar,BBD
22,Belarus,Belarusian ruble,BYN
23,Belgium,European euro,EUR
24,Belize,Belize dollar,BZD
25,Benin,West African CFA franc,XOF
26,Bermuda (UK),Bermudian dollar,BMD
27,Bhutan,Bhutanese ngultrum,BTN
28,Bolivia,Bolivian boliviano,BOB
29,Bonaire (Netherlands),United States dollar,USD
30,Bosnia and Herzegovina,Bosnia and Herzegovina convertible mark,BAM
31,Botswana,Botswana pula,BWP
32,Brazil,Brazilian real,BRL
33,British Indian Ocean Territory (UK),United States dollar,USD
34,British Virgin Islands (UK),United States dollar,USD
35,Brunei,Brunei dollar,BND
36,Bulgaria,Bulgarian lev,BGN
37,Burkina Faso,West African CFA franc,XOF
38,Burundi,Burundi franc,BIF
39,Cabo Verde,Cape Verdean escudo,CVE
40,Cambodia,Cambodian riel,KHR
41,Cameroon,Central African CFA franc,XAF
42,Canada,Canadian dollar,CAD
43,Caribbean Netherlands (Netherlands),United States dollar,USD
44,Cayman Islands (UK),Cayman Islands dollar,KYD
45,Central African Republic,Central African CFA franc,XAF
46,Chad,Central African CFA franc,XAF
47,Chatham Islands (New Zealand),New Zealand dollar,NZD
48,Chile,Chilean peso,CLP
49,China,Chinese Yuan Renminbi,CNY
50,Christmas Island (Australia),Australian dollar,AUD
51,Cocos (Keeling) Islands (Australia),Australian dollar,AUD
52,Colombia,Colombian peso,COP
53,Comoros,Comorian franc,KMF
54,"Congo, Democratic Republic of the",Congolese franc,CDF
55,"Congo, Republic of the",Central African CFA franc,XAF
56,Cook Islands (New Zealand),Cook Islands dollar,---
57,Costa Rica,Costa Rican colon,CRC
58,Cote d'Ivoire,West African CFA franc,XOF
59,Croatia,Croatian kuna,HRK
60,Cuba,Cuban peso,CUP
61,Curacao (Netherlands),Netherlands Antillean guilder,ANG
62,Cyprus,European euro,EUR
63,Czechia,Czech koruna,CZK
64,Denmark,Danish krone,DKK
65,Djibouti,Djiboutian franc,DJF
66,Dominica,East Caribbean dollar,XCD
67,Dominican Republic,Dominican peso,DOP
68,Ecuador,United States dollar,USD
69,Egypt,Egyptian pound,EGP
70,El Salvador,United States dollar,USD
71,Equatorial Guinea,Central African CFA franc,XAF
72,Eritrea,Eritrean nakfa,ERN
73,Estonia,European euro,EUR
74,Eswatini (formerly Swaziland),Swazi lilangeni,SZL
75,Ethiopia,Ethiopian birr,ETB
76,Falkland Islands (UK),Falkland Islands pound,FKP
77,Faroe Islands (Denmark),Faroese krona,---
78,Fiji,Fijian dollar,FJD
79,Finland,European euro,EUR
80,France,European euro,EUR
81,French Guiana (France),European euro,EUR
82,French Polynesia (France),CFP franc,XPF
83,Gabon,Central African CFA franc,XAF
84,Gambia,Gambian dalasi,GMD
85,Georgia,Georgian lari,GEL
86,Germany,European euro,EUR
87,Ghana,Ghanaian cedi,GHS
88,Gibraltar (UK),Gibraltar pound,GIP
89,Greece,European euro,EUR
90,Greenland (Denmark),Danish krone,DKK
91,Grenada,East Caribbean dollar,XCD
92,Guadeloupe (France),European euro,EUR
93,Guam (USA),United States dollar,USD
94,Guatemala,Guatemalan quetzal,GTQ
95,Guernsey (UK),Guernsey Pound,GGP
96,Guinea,Guinean franc,GNF
97,Guinea-Bissau,West African CFA franc,XOF
98,Guyana,Guyanese dollar,GYD
99,Haiti,Haitian gourde,HTG
100,Honduras,Honduran lempira,HNL
101,Hong Kong (China),Hong Kong dollar,HKD
102,Hungary,Hungarian forint,HUF
103,Iceland,Icelandic krona,ISK
104,India,Indian rupee,INR
105,Indonesia,Indonesian rupiah,IDR
106,International Monetary Fund (IMF),SDR (Special Drawing Right),XDR
107,Iran,Iranian rial,IRR
108,Iraq,Iraqi dinar,IQD
109,Ireland,European euro,EUR
110,Isle of Man (UK),Manx pound,IMP
111,Israel,Israeli new shekel,ILS
112,Italy,European euro,EUR
113,Jamaica,Jamaican dollar,JMD
114,Japan,Japanese yen,JPY
115,Jersey (UK),Jersey pound,JEP
116,Jordan,Jordanian dinar,JOD
117,Kazakhstan,Kazakhstani tenge,KZT
118,Kenya,Kenyan shilling,KES
119,Kiribati,Australian dollar,AUD
120,Kosovo,European euro,EUR
121,Kuwait,Kuwaiti dinar,KWD
122,Kyrgyzstan,Kyrgyzstani som,KGS
123,Laos,Lao kip,LAK
124,Latvia,European euro,EUR
125,Lebanon,Lebanese pound,LBP
126,Lesotho,Lesotho loti,LSL
127,Liberia,Liberian dollar,LRD
128,Libya,Libyan dinar,LYD
129,Liechtenstein,Swiss franc,CHF
130,Lithuania,European euro,EUR
131,Luxembourg,European euro,EUR
132,Macau (China),Macanese pataca,MOP
133,Madagascar,Malagasy ariary,MGA
134,Malawi,Malawian kwacha,MWK
135,Malaysia,Malaysian ringgit,MYR
136,Maldives,Maldivian rufiyaa,MVR
137,Mali,West African CFA franc,XOF
138,Malta,European euro,EUR
139,Marshall Islands,United States dollar,USD
140,Martinique (France),European euro,EUR
141,Mauritania,Mauritanian ouguiya,MRU
142,Mauritius,Mauritian rupee,MUR
143,Mayotte (France),European euro,EUR
144,Mexico,Mexican peso,MXN
145,Micronesia,United States dollar,USD
146,Moldova,Moldovan leu,MDL
147,Monaco,European euro,EUR
148,Mongolia,Mongolian tugrik,MNT
149,Montenegro,European euro,EUR
150,Montserrat (UK),East Caribbean dollar,XCD
151,Morocco,Moroccan dirham,MAD
152,Mozambique,Mozambican metical,MZN
153,Myanmar (formerly Burma),Myanmar kyat,MMK
154,Namibia,Namibian dollar,NAD
155,Nauru,Australian dollar,AUD
156,Nepal,Nepalese rupee,NPR
157,Netherlands,European euro,EUR
158,New Caledonia (France),CFP franc,XPF
159,New Zealand,New Zealand dollar,NZD
160,Nicaragua,Nicaraguan cordoba,NIO
161,Niger,West African CFA franc,XOF
162,Nigeria,Nigerian naira,NGN
163,Niue (New Zealand),New Zealand dollar,NZD
164,Norfolk Island (Australia),Australian dollar,AUD
165,Northern Mariana Islands (USA),United States dollar,USD
166,North Korea,North Korean won,KPW
167,North Macedonia (formerly Macedonia),Macedonian denar,MKD
168,Norway,Norwegian krone,NOK
169,Oman,Omani rial,OMR
170,Pakistan,Pakistani rupee,PKR
171,Palau,United States dollar,USD
172,Palestine,Israeli new shekel,ILS
173,Panama,United States dollar,USD
174,Papua New Guinea,Papua New Guinean kina,PGK
175,Paraguay,Paraguayan guarani,PYG
176,Peru,Peruvian sol,PEN
177,Philippines,Philippine peso,PHP
178,Pitcairn Islands (UK),New Zealand dollar,NZD
179,Poland,Polish zloty,PLN
180,Portugal,European euro,EUR
181,Puerto Rico (USA),United States dollar,USD
182,Qatar,Qatari riyal,QAR
183,Reunion (France),European euro,EUR
184,Romania,Romanian leu,RON
185,Russia,Russian ruble,RUB
186,Rwanda,Rwandan franc,RWF
187,Saba (Netherlands),United States dollar,USD
188,Saint Barthelemy (France),European euro,EUR
189,Saint Helena (UK),Saint Helena pound,SHP
190,Saint Kitts and Nevis,East Caribbean dollar,XCD
191,Saint Lucia,East Caribbean dollar,XCD
192,Saint Martin (France),European euro,EUR
193,Saint Pierre and Miquelon (France),European euro,EUR
194,Saint Vincent and the Grenadines,East Caribbean dollar,XCD
195,Samoa,Samoan tala,WST
196,San Marino,European euro,EUR
197,Sao Tome and Principe,Sao Tome and Principe dobra,STN
198,Saudi Arabia,Saudi Arabian riyal,SAR
199,Senegal,West African CFA franc,XOF
200,Serbia,Serbian dinar,RSD
201,Seychelles,Seychellois rupee,SCR
202,Sierra Leone,Sierra Leonean leone,SLL
203,Singapore,Singapore dollar,SGD
204,Sint Eustatius (Netherlands),United States dollar,USD
205,Sint Maarten (Netherlands),Netherlands Antillean guilder,ANG
206,Slovakia,European euro,EUR
207,Slovenia,European euro,EUR
208,Solomon Islands,Solomon Islands dollar,SBD
209,Somalia,Somali shilling,SOS
210,South Africa,South African rand,ZAR
211,South Georgia Island (UK),Pound sterling,GBP
212,South Korea,South Korean won,KRW
213,South Sudan,South Sudanese pound,SSP
214,Spain,European euro,EUR
215,Sri Lanka,Sri Lankan rupee,LKR
216,Sudan,Sudanese pound,SDG
217,Suriname,Surinamese dollar,SRD
218,Svalbard and Jan Mayen (Norway),Norwegian krone,NOK
219,Sweden,Swedish krona,SEK
220,Switzerland,Swiss franc,CHF
221,Syria,Syrian pound,SYP
222,Taiwan,New Taiwan dollar,TWD
223,Tajikistan,Tajikistani somoni,TJS
224,Tanzania,Tanzanian shilling,TZS
225,Thailand,Thai baht,THB
226,Timor-Leste,United States dollar,USD
227,Togo,West African CFA franc,XOF
228,Tokelau (New Zealand),New Zealand dollar,NZD
229,Tonga,Tongan paâ€™anga,TOP
230,Trinidad and Tobago,Trinidad and Tobago dollar,TTD
231,Tristan da Cunha (UK),Pound sterling,GBP
232,Tunisia,Tunisian dinar,TND
233,Turkey,Turkish lira,TRY
234,Turkmenistan,Turkmen manat,TMT
235,Turks and Caicos Islands (UK),United States dollar,USD
236,Tuvalu,Australian dollar,AUD
237,Uganda,Ugandan shilling,UGX
238,Ukraine,Ukrainian hryvnia,UAH
239,United Arab Emirates,UAE dirham,AED
240,United Kingdom,Pound sterling,GBP
241,United States of America,United States dollar,USD
242,Uruguay,Uruguayan peso,UYU
243,US Virgin Islands (USA),United States dollar,USD
244,Uzbekistan,Uzbekistani som,UZS
245,Vanuatu,Vanuatu vatu,VUV
246,Vatican City (Holy See),European euro,EUR
247,Venezuela,Venezuelan bolivar,VES
248,Vietnam,Vietnamese dong,VND
249,Wake Island (USA),United States dollar,USD
250,Wallis and Futuna (France),CFP franc,XPF
251,Yemen,Yemeni rial,YER
252,Zambia,Zambian kwacha,ZMW
253,Zimbabwe,United States dollar,USD
